Timestamp	AL29D	AL30D	AL35D	AE38D	AL41D	GD29D	GD30D	GD35D	GD38D	GD41D	GD46D	BPY6D	BPA7D	BPB7D	BPC7D	BPD7D	BPB8D
5/4/2026	63.49	63.52	76.87	79.5	72.31	65.22	64.94	78.82	82.1	73	69.33	38.35	100.6	100.8	100.7	100.75	90.2
4/30/2026	63.3	63.31	76.89	79.56	72.3	64.27	64.82	78.84	82.22	73.3	69.63	38.014	101.05	100.7	100.75	100.65	88.74
4/29/2026	63	62.97	76.42	79	72.01	64.84	63.55	78.5	81.9	72.4	69.57	37.6	101.1	100.35	100.5	100.1	89
4/28/2026	63.01	62.95	76.44	79.07	71.24	64.23	64.05	78.26	81.6	72.17	69.26	37.35	103.45	103.3	103.4	103.35	90.74
4/27/2026	62.8	62.85	76.64	79.12	71.74	64.8	63.9	78.4	82.24	72.4	69.01	36.9	103.2	103.5	103.35	103.4	91
4/24/2026	63.25	63.33	77.17	79.98	72.45	65	64.5	79.03	82.75	73.07	69.35	36.642	103.45	103.6	103.45	103.65	91.6
4/23/2026	63.2	63.36	77.49	80.22	72.45	64.54	63.96	79.2	83	73.26	69.82	36.8	103.85	103.7	103.6	103.45	91.17
4/22/2026	63.73	63.81	78.05	80.56	72.82	65.05	64.74	79.83	83.24	74	70.17	36.99	103.9	103.7	103.45	103.75	91.18
4/21/2026	63.57	63.8	78.17	80.41	72.5	64.5	64.58	79.8	83.33	73.91	70.19	36.422	103.6	103.7	103.6	103.8	91.1
4/20/2026	63.85	63.97	79	81.39	73.85	64.82	64.78	80.68	84.14	74.8	70.8	37.236	104	103.5	104	103.95	91
4/17/2026	63.57	63.85	78.77	81.54	73.55	65	64.3	80.55	83.87	74.75	70.5	37.649	105.4	103	103.4	103.35	91.81
4/16/2026	63.65	63.93	78.65	81.49	73.85	65.01	64.9	80.13	83.5	74.39	69.5	38.085	104.8	102.65	102.8	102.7	91.35
4/15/2026	64	64.01	79.25	82.03	74.14	65.72	65.49	80.44	83.9	74.45	71.1	38.7	105.8	102.95	102.65	102.7	91.6
4/14/2026	64.14	64.16	78.99	82.01	74.27	65.57	65.29	80.61	84.35	74.74	71.3	37.926	104.85	103.2	103.65	103.1	91.58
4/13/2026	64.01	63.96	78.93	82.15	73.7	65.79	65.2	80.76	84.2	74.5	71.54	38.792	106.45	103.7	103.75	103.5	91.7
4/10/2026	63.69	63.2	77.86	81.09	72.59	65.49	64.64	79.9	83.1	74.17	70.99	39.1	106.15	103.45	104	103.9	90.96
4/9/2026	63	62.8	77.3	79.95	71.61	65.25	64.06	79.12	82.89	73.6	70.39	38.86	104.2	102.9	102.65	102.65	90.2
4/8/2026	62.72	62.34	76.2	79.28	70.81	64.85	63.73	78.26	81.75	72.56	68.73	38.785	103.75	102.7	102.7	102.65	90.23
4/7/2026	62.39	61.93	74.96	78.04	70.02	64.17	63.29	76.65	80.35	71.25	68.4	38.976	103.9	102.6	102.85	102.6	89.64
4/6/2026	62.16	61.62	74.82	78.06	69.64	64.3	63.21	76.45	79.95	70.95	68.19	38.4	104.55	103.2	102.55	102.55	89.53
4/1/2026	62.05	61.4	75.2	77.8	69.79	63.85	62.91	76.21	79.87	70.83	67.9	37	103.8	102.75	102.6	102.35	89.45
3/31/2026	62.41	61.11	75	77.25	69.25	64.02	62.6	76.1	79.36	70.29	67.82	38.5	105.1	102.75	102.5	102.4	88.8
3/30/2026	61.65	60.6	73.85	76.28	68.9	64	62.17	75	78.77	69.7	67.28	36.735	105.3	102.6	102.55	102.05	89
3/27/2026	61.69	60.55	74.07	76.9	69.05	63.98	62.33	75.3	78.85	69.79	67.96	36.303	103.3	102.5	102.25	102.1	89
3/26/2026	62.01	60.98	75.11	77.6	69.34	64.06	62.67	76.28	79.8	70.62	67.8	36.15		102.6	102.3	102.25	89.5
3/25/2026	62.15	61.13	75.32	77.78	69.47	63.75	62.99	77	80.15	70.98	67.88	35.8	103.85	102.4	102.3	102.3	89.36
3/20/2026	61.48	60.29	73.64	76.2	67.86	63.1	61.9	75.19	78.65	69.01	66.49	36	105.6	102.6	102.4	102.4	89.3
3/19/2026	61.84	61.01	74.8	77.05	69	63.07	62.28	76.2	79.42	70.5	66.87	35.998	104.6	102.6	102.45	102.3	89.26
3/18/2026	62.1	61.04	75.1	77.34	69.32	63.66	62.41	76.5	79.74	70.51	67.95	35.755	104.75	102.5	102.4	102.5	89.49
3/17/2026	62.25	61.49	76	77.88	70.17	63.91	63.23	77.5	80.67	71.7	68.87	35.33	104.9	102.35	101.9	101.75	89.85
3/16/2026	62.19	61	74.87	77.29	69.52	63.62	62.69	76.78	80.25	71.05	69	35.598	107.2	102.15	101.8	101.7	89.31
3/13/2026	61.87	60.8	74.62	77.18	70	63.25	62.44	76.57	80.19	70.81	67.87	35.732	104.9	102.45	101.95	101.85	89.31
3/12/2026	61.71	60.84	75.64	78.11	70.63	63.56	63.48	77.6	81.49	72	69.5	35.47	103.8	102.2	102	101.65	89.64
3/11/2026	62.04	61.31	76.63	78.59	71.12	63.64	63.1	78.5	81.79	72.89	70.42	35.997	104	102.15	102	101.6	89.51
3/10/2026	61.58	61.12	76.4	78.76	71.2	63.65	63	78.3	82.03	73.1	69.19	35.16	104.95	102.2	101.7	101.7	89.6
3/9/2026	61.1	60.58	75.4	77.6	70.21	63.06	62.6	77.87	81.08	72.16	68.79	36	104.7	101.9	101.4	101.6	89.25
3/6/2026	61.15	60.59	75.8	77.9	71.09	63.46	62.95	78.01	81.29	72.41	68.75	35.461	103.05	101.7	101.5	101.35	88.9
3/5/2026	61.48	60.64	77	78.96	72	63.46	63.11	78.67	82.3	72.98	69.2	36	102.75	101.65	101.3	101.15	89.15
3/4/2026	62.25	61	77.67	79.53	72.85	63.97	63.4	79.47	82.9	73.6	70.69	35.5	103	101.85	101.45	101.25	89.05
3/3/2026	61.88	60.63	76.5	78.55	71.07	63.05	62.9	77.58	81.85	72.27	68.54	34.759	104.2	102.45	101.2	101.35	89.29
3/2/2026	61.88	60.84	76.95	78.86	71.48	63.59	63	78.4	81.7	72.55	69.4	35.2	102.7	101.9	101.4	101.1	89.35
2/27/2026	61.66	60.4	76.7	78.86	71.9	63	62.6	78.15	80.74	72.94	69.83	35.663	102.3	101.8	101	101.05	89
2/26/2026	61.7	61.04	77.25	79.5	72.32	63.84	63.48	78.89	82.25	73.11	69.3	69.7	102.35	101.75	100.7	100.8	89.85
2/25/2026	61.32	61.1	77.53	79.86	72.98	63.87	63.21	78.89	82.66	73.7	71	69.55	102.45	101.5	100.75	100.75	89.65
2/24/2026	61.64	61	77.73	79.87	72.59	64	63.17	79.04	82.45	73.44	70.55	69.8	105.8	101.5	100.65	100.7	89.13
2/23/2026	62.19	61.29	78.45	80.57	73.03	64.05	63.44	79.79	83.23	74.4	70.2	70.91	106.1	101.75	100.7	100.35	89.5
2/20/2026	62.6	61.68	79.2	80.68	74.06	64.55	63.48	80.15	83.3	74.39	70.8	70.6	103.35	101.5	100.25	99.79	89.75
2/19/2026	62.4	61.53	78.5	80.27	73.01	64.01	63.01	79.57	82.67	74	70.5	71	103.5	101.45	100	99.6	89.4
2/18/2026	62.65	61.56	79.3	81.04	74	64.6	63.6	79.81	83.4	74.2	70.95	70.64	101.7	100.9	100.6	99.89	90
2/13/2026	62.71	61.78	78.95	80.84	74.6	64.61	63.63	80.28	83.6	74.65	70.9	72.03	102.35	101.55	100.55	99.99	90.26
2/12/2026	62.82	61.75	78.83	81.1	73.94	64.34	63.9	80.15	83.68	74.5	71.44	71.38	101.7	101.5	100.25	99.4	90
2/11/2026	62.77	62.06	78.87	81.59	73.93	64.19	63.51	80.35	83.96	74.98	71.96	71.65	104.8	101.9	100.45	99.26	89.5
2/10/2026	62.29	61.8	78.9	81	74	64.3	63.2	80.02	83.2	74.5	71.26	71.98	107	101.5	100.05	99.11	89.74
2/9/2026	61.79	61.5	78.59	80.94	74	63.22	63.13	80	83.6	74.53	70.37	73	101.1	101.95	100	99.11	89.49
2/6/2026	61	61.05	78.62	80.58	73.9	63.71	63.04	79.4	83.08	74.34	69.5	73.17	101.2	101.7	100.65	99.69	89.35
2/5/2026	60.88	60.59	78.46	79.93	73.35	63.7	62.47	79.26	82.76	74.1	70.2	72.32	101.2	101.3	100.5	99.46	88.38
2/4/2026	60.8	60.29	78.5	79.99	73.97	63.7	62.36	79.45	82.9	74.27	70.03	72.42	101.4	101.1	99.75	99.48	87.9
2/3/2026	60.2	59.95	78.12	80.1	73.86	63.37	62.4	79.51	82.34	74.35	70.29	72.51	101.4	101.1	100.15	99.71	88.45
2/2/2026	60.86	60.48	78.85	80.5	74.52	63.61	62.59	79.5	82.73	74.59	70.23	71.71	101.85	101.3	100.4	99.9	88.75
1/30/2026	61.08	60.61	78.99	80.93	74.73	63.72	62.85	80.21	83.43	74.8	70	71.36	101.95	101.25	100.5	99.2	88.53
1/29/2026	61.4	60.8	79.28	81.15	74.84	63.74	63.1	80.48	83.8	75.1	71	71.5	101.9	101.05	99.89	99.5	88.75
1/28/2026	61.84	60.95	79.16	80.99	74.7	63.48	63.3	80.4	83.7	75.14	70.3	71.66	101.45	101.3	100.1	99.11	88.9
1/27/2026	61.84	61.12	79.05	81.25	74.75	63.59	63.12	80.17	83.5	74.94	70.31	70.99	101.6	100.8	99.65	99.35	88.8
1/26/2026	61.6	60.99	77.97	80.64	73.23	63.3	63.15	79.25	83.2	74.1	69.62	71.32	101.55	100.95	99.46	99.15	88.4
1/23/2026	61.15	60.42	77.3	79.87	72.68	63.3	62.51	78.03	81.89	72.89	68.73	71.05	102.8	100.8	99.11	99.16	88.8
1/22/2026	60.67	59.85	76.4	79.46	72	63.44	62.4	77.69	81.67	71.96	68.75	71.06	101.65	101.15	99.64	99.16	88.5
1/21/2026	60.27	59.37	75.4	78.9	71.7	63.18	61.83	76.7	80.91	71.78	68.22	70.94	101.25	100.35	99.58	98.7	88.49
1/20/2026	60.2	59.23	75.5	78.65	72	62.69	61.81	76.65	80.4	71.25	68.44	71.69	101.6	100.85	99.44	98.87	88.14
1/19/2026	60.38	59.31	75.71	78.73	71.53	62.14	61.5	76.68	80.61	71.4	68.05	71.03	101	100.7	99.31	98.74	88.15
1/16/2026	60.31	59.43	75.62	78.7	71.25	62.86	61.75	76.72	80.45	71.4	67.84	70.26	101.5	100.65	99.11	98.75	88
1/15/2026	60.31	59.22	75.4	78.26	70.91	62.79	61.57	76.56	80	71.22	67.7	71.5	101	100.6	98.9	98.65	87.75
1/14/2026	60.18	58.87	74.95	77.79	70.63	62.24	61.25	76.1	79.5	70.56	67.46	70.46	101.7	100.3	99.2	98.6	87.44
1/13/2026	59.83	58.98	75.08	77.62	70.56	62.45	61.33	76.2	79.59	70.84	66.89	70.3	101	100.15	99.29	98.6	87.26
1/12/2026	59.86	59.05	75.25	77.8	71	62.43	61.47	76.36	79.86	71.01	67.37	70.58	101	100.1	99	98.51	87.34
1/9/2026	60.38	59.09	75.16	77.65	71.39	62.07	61.69	76.66	79.89	71.13	67.65	70.29	101	100	99	99	87.4
1/8/2026	60.35	58.53	73.95	76.54	70.3	62.49	61.27	75.93	79.58	70.25	67.12	70.1	102.45	99.63	98.51	98.49	87.3
1/7/2026	71.05	67.11	76.19	79.21	72.4	73.2	69.9	78.2	81.8	72.35	71.61	69.9	100.8	99.35	97.81	97.82	86.59
1/6/2026	70.98	67.1	76.66	79.55	72.5	73.44	70.1	78.42	82.3	72.6	71.68	69.92	100.5	99.23	98	97.8	86.52
1/5/2026	71.01	66.9	76.6	79.29	72.78	73.51	70.05	78.58	82.3	72.74	71.7	69.42	100.25	98.95	97.44	97.22	87.1
1/2/2026	70.42	66.79	76.2	78.9	72.71	72.7	70.13	78.47	81.69	72.39	72.04	69.28	100.4	98.7	97.84	97.31	86.1
12/30/2025	70.5	67.5	77.12	79.47	73.2	73	70.23	78.58	82.91	72.75	71.6	69.2	100	99.12	98.74	98.62	86.7
12/29/2025	71.17	67.08	77.4	79.81	72.94	73.42	70.25	78.49	82.17	72.99	71.5	69.26	100.2	99.2	98.25	97.86	86.5
12/26/2025	71	66.94	77.2	79.62	72.99	72.83	69.99	78.04	81.58	72.74	71.56	69.65	100.25	99.35	97.95	97.79	87.1
12/24/2025	69.8	66.94	77.43	79.8	73.35	73.69	70.01	78.06	81.52	73.08	71.9	69.9	101	99.35	98.45	98.47	86.05
12/23/2025	70.49	67.12	77.12	79.56	72.87	73.36	70.05	78.2	82.3	72.99	72.14	70.33	100.75	99.2	98.07	98.39	86.5
12/22/2025	70.61	67.01	77.3	79.95	72.18	73.4	70.02	78.89	82	72.8	71.98	70.24	100.25	99.35	98.15	97.77	86.2
12/19/2025	69.81	66.94	76.74	79.99	72.4	73.2	70.15	78.49	82	72.7	71.79	69.87	100.25	99.13	97.94	97.51	86.39
12/18/2025	69.69	67.03	77.15	80.39	73.05	73.5	69.67	78.83	82.58	73.29	71.89	69.59	101	99.15	97.93	97.69	86.15
12/17/2025	70.21	66.83	76.33	79.88	73	73.46	70	78	82.43	73.2	71.7	68.42	100.05	99.11	97.7	97.6	86.15
12/16/2025	70.6	67.44	76.09	79.35	72.44	73.45	70.16	77.94	82.23	73.13	71.6	69	100.5	99.5	97.75	97.46	85.5
12/15/2025	70.1	66.32	74.65	77.61	70.38	73.94	69.4	76.3	80.49	71.3	70	68.37	100.5	99.12	97.3	97.3	84.2
12/12/2025	69.35	65.82	73.7	76.8	69.28	71.9	68.7	75.19	79.5	69.98	69.25	67.95	100.25	98.83	97.17	96.75	83.9
12/11/2025	69.31	65.72	73.29	76.6	68.79	71.92	68.28	74.59	78.69	69.21	68.5	68.25	100.4	98.9	96.93	96.54	83.7
12/10/2025	70.05	66.15	74.2	77.15	69.38	71.89	68.34	74.71	79	69.66	69.47	67.85	100.1	98.95	97.25	97.01	83.65
12/9/2025	69.39	65.54	73.97	77.19	69.47	71.02	67.9	74.86	80.39	69.58	68.4	68.1	100.15	98.9	97.25	96.9	83
12/5/2025	69.3	65.39	74.2	77.3	69.66	71.4	68.1	75.3	79.06	70.2	69.8	67.66	99.86	98.9	96.81	96.94	83.3
12/4/2025	68.67	65.17	74.28	77.25	69.42	71.8	68.29	75.2	79.15	70.15	69.09	67.65	100	98.91	96.8	96.9	82.45
12/3/2025	68.44	65.15	74.41	76.95	69.66	72.3	68.1	75.79	79.5	70.49	69.13	67.78	100	98.8	96.93	96.94	81.8
12/2/2025	68.1	64.69	74.43	76.57	69.93	72.3	68.05	75.44	79	70.15	69.22	67.75	100.15	99.25	97.35	97.13	81.05
12/1/2025	67.9	64.6	74.19	76.4	69.65	72.14	67.51	74.75	78.6	69.98	69.17	67.84	100.75	99.12	97	96.94	80.66
11/28/2025	68.28	64.88	74.72	77.2	69.98	72.02	67.99	75.19	79.05	70.27	69.51	67.9	100.45	99.21	97.43	97.51	80.9
11/27/2025	67.65	64.92	74.6	77.27	69.5	71.89	67.74	74.95	79.9	70.07	69.37	101.7	100.4	99.67	96.9	97.29	80.85
11/26/2025	67.5	64.67	73.91	76.8	69.1	71.91	68.08	74.94	78.55	69.7	69	102.65	99.69	98.55	96.9	96.55	80.65
11/25/2025	67.93	64.7	73.85	76.7	69.05	71.52	68	74.86	77.56	70.06	69.4	102.85	99.01	99.49	96.25	96.75	80.44
11/21/2025	68.93	64.95	73.5	75.94	69.26	71.2	68.5	74.47	78.17	70.09	68.82	101.4	100.4	99.3	96.13	96.55	80.8
11/20/2025	68.76	65.2	74.6	77.2	70.1	71.7	68.03	75.31	78.85	70.5	68.89	102.1	99.8	99.4	96.9	97.25	80.5
11/19/2025	68.35	65.4	74.98	77.55	70.2	72	68.29	75.6	79.29	70.6	70.58	102.3	99.89	99.25	97	96.15	80.9
11/18/2025	67.8	64.88	74.18	77.54	70.18	71.51	68	75.2	78.83	70.32	70.3	102.2	100.65	98.85	97.2	96.57	81.25
11/17/2025	68.3	64.91	74.65	77.78	70.5	71.56	68.1	75.48	79.09	70.7	69.44	102.9	101	98.91	96.85	97.09	81.5
11/14/2025	68.34	64.92	74.6	77.75	69.8	71.35	68.2	75.15	78.8	70.28	69.85	103	100	99	97.2	97.15	81.6
11/13/2025	67.47	64.02	73.85	76.34	69.49	70.75	67.25	74.6	78.73	69.56	69.52	101.7	99.65	98.78	96.25	96.3	81.5
11/12/2025	68.41	64.95	74.45	77.3	70	70.9	67.92	75.4	78.92	70.25	69.75	101.15	101	98.85	96.25	96.23	81.5
11/11/2025	68.51	65.06	74.1	76.87	69.65	71.1	67.7	75.24	78.7	70.14	70.08	100.55	100	99.17	95.65	95.9	81.75
11/10/2025	68.3	64.8	73.58	76.5	69	71.05	67	74.94	78.59	69.99	70.28	100.65	100.4	98.25	96.12	95.73	81.5
11/7/2025	66.8	64	71.5	75.3	67.44	69.9	66.85	74	77.92	68.8	68.9	100.9	100.1	98.3	96.33	96.25	80.1
11/6/2025	66.59	63.74	71.91	75.08	67.15	69.9	66.71	73.6	77.42	68.1	68.88	101.15	100	98.2	96.03	96.08	80
11/5/2025	66.4	63.96	71.89	74.99	67.1	69.7	66.71	73.8	77.24	68.51	68.95	100.95	100.25	97.99	96.3	96.1	79.6
11/4/2025	66.1	63.38	71.14	73.7	66.07	69.69	66.49	73	76.2	67.4	66.52	100.35	100.1	97.6	96.25	95.99	78.3
11/3/2025	66.39	63.18	71.15	73.6	65.9	68.25	66.25	72.7	75.91	67	68.57	100.8	100.05	98.65	95.26	95.2	78.2
10/31/2025	66.94	63.9	71.84	74	65.7	68.46	66.4	73.18	76	67.4	68.2	100.45	100.5	98	96.87	96.87	80
10/30/2025	66.5	63.6	69.35	72	64.76	69.19	66.21	72	76.12	66.51	67.59	100.45	102.15	98	96	96	77
10/29/2025	66.02	63.13	69.01	70.1	62.85	69	66.35	71.5	75.99	66.23	67.32	101	105.4	100	97.31	97.1	78.95
10/28/2025	66.14	63.03	68.3	69	61.99	68.3	66.04	71.12	75.67	66	66.45	100.55	100.6	99.8	96.5	95.84	76.25
10/27/2025	65.25	62.07	67	67.5	61.6	68	64.62	70.7	74.5	65.15	65.5	101.5	101.75	99.32	96.6	95.5	76
10/24/2025	57.55	54	54	54.34	50.66	60.4	58	57.61	62.5	54.88	55.1	100.5	101.35	96.35	88.35	88.15	68
10/23/2025	58.6	54.45	53.42	54.7	50.5	61.32	58	57.91	61.28	54.31	55.06	101.3	103.85	96.9	88.4	88.1	64
10/22/2025	58.01	54.2	52.4	53.5	49.748	61	58	56.99	61.91	53.8	53.61	101.6	103.95	97.4	88.41	88.17	64.26
10/21/2025	59.6	55.75	53.4	54.76	50.51	61	58.48	57.6	62.15	54.01	55.1	101.15	102	96.9	88.7	89.1	65
10/20/2025	60.46	56.8	54.5	55.83	52.3	61.4	59.29	58.8	63.28	55	54.95	100.1	105.5	97.5	90.08	89.75	66.3
10/17/2025	59	55.44	54	54.98	51.2	61.95	57.7	57.05	62.63	53.32	54.4	100.2	100.2	97	91	90.99	64.5
10/16/2025	60.65	57.21	55.24	56.85	53.1	62.01	59.29	58.86	64	55.36	56.8	100.5	103.2	97.75	90.6	90.51	65.5
10/15/2025	60.29	57.79	56.34	57.85	53.99	62.99	59.7	59.79	64.44	56.49	57.6	100	103.7	97.55	91.2	90	66
10/14/2025	59.63	57.32	56	57.5	53.5	62.92	59.5	59.65	64.07	56.66	57.99	99.35	105.45	96	90.06	89.5	66
10/13/2025	63.08	60.5	60.35	61.78	57.75	65.23	62.55	63.07	67.52	59.82	58.31	99.8	102.4	97.1	91.82	91.87	67
10/9/2025	61.74	59.55	59.7	60	56.88	65.1	61.2	62	64.85	58.55	58.5	101.2	101.5	97.9	92.49	92.6	68
10/8/2025	58.8	55.1	55.37	55.7	53.5	61.5	58	57.81	63.24	54.75	53.5	100.2	101.9	98.9	90.5	89	63
10/7/2025	57.59	54.78	55.48	55.5	52.79	60.17	57.55	57.51	62.99	54.5	54.85	99.75	104.9	97.25	89.4	88.73	62.1
10/6/2025	59	55.9	56.03	56.9	53.7	61.63	58.83	58.9	64	54.99	54.8	100.7	103	98.63	91.25	89	65.99
10/3/2025	57.5	54.81	55	55.8	52.4	60.5	58.08	58	62.19	54.59	55	101.15	104	97.6	90.08	89.6	66
10/2/2025	56	53	52.4	53.48	49.873	61	56.85	56.56	58.76	52.9	53.6	102.05	104.5	97.83	91.38	88.6	67
10/1/2025	53.2	50	50	50.6	47.4	58.01	54.6	53.14	58.16	50.39	52.2	101.95	101.55	97.55	90	88.5
9/30/2025	53.05	50.2	50.19	51.75	47.782	58.9	54.9	54	58.1	49.452	53.4	101.55	101.2	94.95	88.79	88
9/29/2025	56.47	53	53.92	55.4	50.2	60.4	56.63	56.89	61.01	52.42	52.02	101.9	102	96.31	91.7	90.4
9/26/2025	57.95	54.7	54.7	57.1	51.91	60.64	57.01	58.99	62	53.21	52.5	101.9	103	98.62	91.5	89.99
9/25/2025	60.3	56.56	57	59.3	54.75	62.25	59.79	59.85	63.94	55.8	55.61	100	102.85	98.47	91.3	88.5
9/24/2025	62.47	58.76	59.95	61.79	56.5	63.75	60.41	63	67.2	57.9	59.7	99.82	103.15	97.4	90.62	89.12
9/23/2025	59.7	55.8	57.28	58.5	53.75	61.3	58.09	59.52	63	55.7	56	99.8	106.6	97.93	89.85	88.69
9/22/2025	55.9	52.49	54.67	56	50.73	57.8	55.05	57.6	61.78	54.21	53.53	98.8	107.3	97.65	90	90.17
9/19/2025	47.298	44.39	45.05	45.405	42.25	50.62	46.51	48.01	52.1	47.09	46	96.73	96.1	87.5	78.49	77.99
9/18/2025	47.22	45.2	44.85	45	42	51.8	48.05	48.67	52.6	46.5	45	95.45	99	91.05	80.5	79
9/17/2025	53.37	49.89	50.53	51.95	47.726	56.05	52.5	53.35	56.25	50.21	49.423	99.03	102	97	88.95	87.59
9/16/2025	54.67	51.35	52.82	53.15	49.54	58.3	54.65	55.3	58.75	52.26	50.25	99.5	102.15	97.1	89.05	88.35
9/15/2025	52.04	49.83	50	49.99	47.1	55.4	53.9	52.5	57.01	50.19	49.3	99	101	95.6	87.59	86.02
9/12/2025	53.5	52	52	53.1	49.9	57.15	54.5	55.7	58.35	51.69	52.37	99.4	101	99.25	92.5	90.8
9/11/2025	56.66	53.91	55.82	56.55	52.8	60	56.5	58	61.43	54.4	54.15	100.05	102.3	99.55	92.75	92.03
9/10/2025	57.6	54.82	56.67	57.9	52.94	60.71	57.49	59	63	55.6	54.61	100	103	98.75	92.85	91.6
9/9/2025	56.49	53.93	55.3	56.62	51.63	59.5	56.55	57.61	61.05	53.97	53.93	100.15	101.75	98.99	93.4	92.99
9/8/2025	54.95	52.47	53.52	55.65	50.35	58.27	55.4	56.07	60	52	53.43	99.11	100.5	98.65	93.28	93.13
9/5/2025	58.88	56.27	59.83	61.3	56.15	62	58.77	62.3	66.05	57.85	57.59	100.45	100	99.9	95.5	95.2
9/4/2025	59.49	56.7	59.78	61.8	55.7	62.41	58.94	61.69	65.85	57.8	57.46	100.5	101.65	99.5	95.81	95.35
9/3/2025	59.3	57.06	59.74	61.49	55.59	62.31	58.5	62.1	66.04	57.34	58.1	100.95	101.5	98.95	95.85	95.1
9/2/2025	59.46	57.3	59.58	61.3	54.15	63.39	59.1	62	66.15	56.97	56.3	100.8	102.25	98.75	95.78	94.83
9/1/2025	59.84	57.77	60.2	62.45	54.89	63.15	59.52	62.5	66.86	57.45	57.96	100.85	100.7	98.98	95.79	95.73
8/29/2025	60.8	58.88	61.99	63.95	56.85	62.49	60.5	64.22	68.3	59	58.75	101.65	101	98.94	96.04	95.97
8/28/2025	60.88	58.77	62	64.3	57.15	62.71	60.6	64.15	68.05	58.8	58.38	101.2	102.1	98.56	95.63	95.26
8/27/2025	60.08	58.42	61.06	63.4	56.17	63.08	59.9	63.3	67.5	58.1	58.71	101.55	100.65	98.45	94.45	94.5
8/26/2025	60.08	58.22	61.25	63.4	56.35	62.41	59.61	63.05	67	58.25	58.89	100.5	100.95	98.4	94.7	94.74
8/25/2025	59.74	57.7	61.93	63.5	56.58	61.75	59.51	63.6	67.45	58.5	58.7	99.3	100.85	98.4	94.82	94.78
8/22/2025	62.1	59.58	64.15	66.45	58.61	64	61.43	65.78	69.5	60.7	60.19	100	101.4	98.79	95.68	96
8/21/2025	62.14	59.55	64.3	66.8	58.99	64.7	61.47	65.65	69.84	60.2	60.9	100.25	101.6	98.61	95.85	95.45
8/20/2025	62.69	60.19	64.9	67.2	59.79	64.83	61.9	66.79	70.6	61.4	62	100.8	101.8	98.95	95.95	95.7
8/19/2025	63.75	61.14	66.38	68.94	61.08	65.89	62.85	68	72.06	62.9	63.05	101	102.85	98.99	96.03	96
8/18/2025	63.49	61.05	66.02	68.9	60.85	66.32	63	67.46	71.78	62.7	62.27	101.6	102.85	98.72	96.25	95.7
8/14/2025	63.48	60.85	65.9	68.7	60.87	65.4	62.72	67.39	71.99	62.51	62.17	101.65	102.3	98.9	96.19	95.94
8/13/2025	63.62	61.12	66.4	69.26	61.12	65.8	62.75	67.85	72.38	62.7	62.11	101.3	101.2	98.95	96.21	95.75
8/12/2025	63.09	60.75	65.79	68.79	60.57	65.6	62.63	67.29	71.4	62.08	61.68	100.3	101	98.71	96	95.9
8/11/2025	63.05	60.65	65.74	68.67	60.33	65.69	62.6	66.8	71.45	61.88	61	100.4	100.75	98.76	95.97	96.24
8/8/2025	63.11	60.35	65.54	68.4	60.24	65.72	62.29	66.7	71.25	61.61	61.41	100.05	100.35	99.08	96.27	96.25
8/7/2025	63.05	60.25	65.8	68.39	60.33	65.86	62.21	66.75	71.32	61.7	61.63	100.2	100.4	99.25	96.35	95.82
8/6/2025	62.7	60.32	65.41	68.35	60.26	65.56	62.31	66.62	70.87	61.38	61.38	99.75	100.6	98.85	95.73	95.49
8/5/2025	62.9	60.07	65.25	68.1	59.97	65	61.9	66.25	70.6	61.2	61.25	99.2	100.35	98.61	95.8	95.49
8/4/2025	62.73	59.89	64.82	67.54	59.32	64.59	61.9	65.85	70	60.59	60.97	99.2	100	98.8	95.69	96
8/1/2025	62.3	59.37	64.7	67.17	59.21	64.61	61.33	65.6	70.04	60.69	61.1	98.98	99.88	98.8	96	96
7/31/2025	62.95	59.79	65.35	67.7	59.98	63.8	61.86	66.12	70.13	61.17	61.29	99.11	99.7	99.04	96.6	95.96
7/30/2025	63.38	60.46	65.75	68.5	60.33	64.9	62.3	66.42	70.84	61.65	62.47	99.94	100	99.2	96.12	95.33
7/29/2025	64.17	60.01	65.53	68.5	60.11	65.54	61.8	66.3	70.81	61.48	63.09	100.35	100	99.1	97.05	96.3
7/28/2025	64.07	60.05	65.5	68.26	59.83	65	61.85	66.35	70.7	61.71	61.35	100.75	100.05	99.3	97.05	96.89
7/25/2025	63.5	59.9	65.04	67.84	59.5	64.68	61.61	65.9	70.19	61	61.4	100.9	100.25	99.6	97.49	97
7/24/2025	63.28	59.69	64.17	67.05	58.99	64.45	61.45	65.4	69.23	60.6	60.95	100.4	100.2	99.25	97.45	97.35
7/23/2025	62.35	58.87	63.24	66.39	58.08	63.75	60.55	64.54	68.6	59.7	60.48	101.1	100.5	99.5	97.5	96.75
7/22/2025	62.35	58.8	63.2	66.49	58.29	63.74	60.48	64.55	69	59.8	60.82	101.3	101	99.7	97	97.18
7/21/2025	62.2	58.97	63.77	66.7	58.82	63.91	60.68	65.06	69.29	60.2	60.1	101	100.65	98.9	97.34	97.23
7/18/2025	62.2	58.98	64	66.79	58.99	63.85	60.69	65.08	69.29	60.36	60.97	101.35	100.5	99.47	97.59	97.37
7/17/2025	62.45	58.94	63.5	66.49	58.5	63.62	60.15	64.32	68.75	59.6	61.12	101.3	100.6	99.3	97.45	97.3
7/16/2025	63.49	59.52	63.9	66.9	59.1	64.2	60.91	65.1	69.25	60.15	61.93	101.1	100.3	99.6	97.55	97.25
7/15/2025	63.98	59.55	64.58	67.35	59.51	64	60.8	65.29	69.75	60.52	62	101.05	100.2	99.5	97.3	97.3
7/14/2025	63.08	59.56	64.4	67.08	59.8	64	60.9	65.1	69.35	60.58	60.91	100.95	100.5	99.3	96.75	97
7/11/2025	63.9	59.83	65.39	68.33	60.62	65.37	61.15	66.44	70.5	61.55	61.83	100.9	100.55	99.59	96.9	97.15
7/10/2025	63.78	60.44	66.01	68.86	61.17	65.5	61.85	66.99	71.2	62.44	61.95	101.1	100.35	99.17	96.99	96.88
7/8/2025	63.8	59.95	65.75	68.25	60.9	65.7	61.6	66.6	70.65	61.6	61.36	101.2	100.25	99.37	97.29	96.6
7/7/2025	73.55	68.08	67.9	70.71	62.4	74.5	69.65	68.79	73.5	63.43	65.27	100.55	100.25	99.2	97.17	96.5
7/4/2025	74.24	68.89	68.8	72	63.8	75.95	70.53	69.54	74.24	64.48	66.6	100	99.64	98.9	97.42	97.5
7/3/2025	74.01	68.8	68.69	71.8	63.33	76.25	70.26	69.5	73.97	64.41	66.77	99.75	99.76	98.55	98.2	96.9
7/2/2025	73.96	68.86	68.8	71.56	63	75.82	70.26	69.48	73.85	64.28	66.03	99.71	99.96	98.85	97.44	96.75
7/1/2025	73.75	68.42	68.54	71.4	62.96	75.79	70.15	69.35	73.5	64.11	66.2	99.6	99.5	98.42	96.13	96.05
6/30/2025	74.14	68.45	68.5	71.43	63.21	76	70.23	69.5	73.97	64.11	65.91	99.98	99.89	98.99	96.4	95.8
6/27/2025	74.62	69.1	69.46	72.38	63.99	76.99	70.86	70.05	74.71	64.9	66.78	99.65	100.5	98.4	95.53	95.55
6/26/2025	74.5	69.2	69.68	72.47	63.38	76.4	70.98	69.8	74.4	64.6	66.49	99.65	100.4	98.44	95.65	95.15
6/25/2025	74.7	68.83	69.2	72.09	63	76.6	70.6	69.75	73.87	64.2	66.15	99.3	100.35	98	94.99	95
6/24/2025	74.4	69	69.6	72.4	63.5	75.61	70.91	70.06	73.98	64.5	66.16	99.14	100.3	97.55	95.24	94.8
6/23/2025	73.7	68	68.26	70.5	61.8	75.03	69.9	68.33	72.45	62.75	64.7	99.04	100.7	97.91	94.37	94.36
6/19/2025	73.9	67.23	67.4	70.59	61.85	75.29	68.94	67.9	73.06	62.5	65.49	98.77	100.4	97.22	95.05	94.99
6/18/2025	74.08	66.92	67.3	70.4	61.86	75.58	69.12	67.89	71.8	62.35	65.05	98.5	101.55	97.58	95	94.96
6/17/2025	73	67.3	67.6	70.7	62.25	74.72	69.13	67.91	72.63	62.46	65	98.88	101.1	98.06	95.26	95
6/13/2025	73.28	67.56	68	71.01	62.41	74.93	69.4	68.4	73.1	63.4	65.78	98.85	100.35	97.98	95.35	95.25
6/12/2025	73.94	68.47	68.95	72	63.47	75.05	70.25	69.39	73.85	64.35	65.97	98.82	100.4	97.9	95.3	95.35
6/11/2025	74.16	68.42	69.02	72.13	63.38	76	70.3	69.65	73.73	64.14	66.25	99.07	100	97.8	95.4	95.5
6/10/2025	74.45	68.73	68.8	72	63.46	75.78	70.6	69.32	74	64.39	66.2	98.9	99.9	97.5	95.77	95.65
6/9/2025	74.3	68.07	68.17	71.09	62.5	75.28	69.7	68.72	72.72	63.3	65.5	98.9	99.76	97.19	95.69	95.75
6/6/2025	73.61	67.62	67.86	71	62.49	74.68	69.4	68.56	72.7	63.3	65.25	99.13	100.2	97.18	95.7	95.74
6/5/2025	73.26	67.16	67.79	70.78	62.45	74.61	68.7	68.25	72.77	63.25	65.1	98.9	99.49	97.18	95.5	95.5
6/4/2025	73.78	67.8	68.3	71.31	63	74.71	69.71	69.12	73.2	63.63	66.42	99.01	99.4	97.5	95.35	95.5
6/3/2025	74.03	68.17	68.85	71.78	63.42	75.67	69.8	69.5	73.8	64.33	66.5	99.3	99.58	97.1	95.33	95.3
6/2/2025	73.64	68.18	68.58	71.88	64.19	75.48	69.99	69.31	73.8	64.47	66.23	99.7	100.2	97.18	95.4	95.25
5/30/2025	73.3	68.38	69.2	72.35	63.3	75	70.1	69.6	73.9	64.32	66.04	99.6	99.95	97	95.24	95.36
5/29/2025	73.18	68.5	69.7	72.83	64.25	75.28	70.4	70	74.38	64.82	66.86	99.5	99.65	97.4	94.89	94.96
5/28/2025	73.3	68.75	69.94	72.85	63.8	76.09	70.55	70.5	74.77	64.9	67.57	99.4	99.8	97.15	95.1	95.5
5/27/2025	72.75	68.01	69.14	72.1	63.3	75.25	70.09	69.75	74.55	64.5	67.15	99.19	100.5	96.86	95.11	95.6
5/26/2025	73.05	68.01	69.33	71.98	63.21	74.7	69.94	69.95	74.3	64.57	66.77	99.15	100.25	97.14	95.15	95
5/23/2025	73.3	68.38	69.18	71.95	62.95	75.1	70.8	70	74.5	64.77	66.86	98.9	102	97.66	95.54	95.21
5/22/2025	73.24	68.02	69.22	71.45	63.3	74.86	70.01	69.6	73.95	64.33	66.6	98.17	100.45	97.29	95.65	95.3
5/21/2025	72.72	67.54	69.08	71	63.41	75.55	69.03	69.35	73.53	64.2	67	98.97	100.25	97.39	95.1	95
5/20/2025	72.9	67.96	69.21	71.7	63.41	75.44	69.96	69.99	74.2	64.53	66.97	98.91	100.1	97.4	95.46	95.67
5/19/2025	73.45	67.89	69	71.46	64.05	75.34	69.5	69.45	73.99	64.4	66.66	99.1	100.5	97.5	95.25	95.61
5/16/2025	73	66.66	68.12	70.58	63.77	75.46	68.56	68.83	73	63.4	66.4	99.11	100	97	94.6	94.61
5/15/2025	72.73	67.3	68.72	71.25	64.43	74.89	68.56	69.7	74.17	64.45	66.99	99.3	100.25	97.2	94.6	94.8
5/14/2025	73.14	68.15	69.2	71.51	64.72	75.1	69.8	70.11	74.64	65.2	67.8	99.15	100.35	97.35	94.9	94.8
5/13/2025	72.8	67.91	69.1	71.7	65.1	75.1	69.53	70.05	74.3	65.1	68.39	98.9	100.3	96.7	94.2	94.2
5/12/2025	73.45	68.2	69.2	71.3	65.25	75.68	70.08	70.01	74.25	65.2	68.05	98.1	102	96.7	93.47	93.53
5/9/2025	71.97	67.52	68.5	70.86	64.51	74.03	69.01	69.23	73.89	64.25	66.78	98.8	100.8	96.7	92.79	92.73
5/8/2025	72.2	67.33	68.5	71	64.5	74.85	69.07	69.35	73.63	64.75	67.8	97.76	100.5	96	91.75	91.89
5/7/2025	72.5	67.47	68.4	70.61	63.9	74.61	69.29	68.87	73.7	64.39	66.54	97.6	99.96	95.7	91.25	91
5/6/2025	72.1	67.43	67.99	70.5	63.64	73.86	69.05	69.07	73	63.75	65.79	97.4	99.75	95.5	91.57	91.7
5/5/2025	71.27	67.02	67.05	69.55	63.25	73.54	68.31	68.09	71.32	63.1	64.99	97.39	98.88	95.41	91.5	91.65


5/7/2026												38.73	100.2	100.5	100.5	100.45	89.58
5/8/2026												38.72	100.4	101	100.7	100.65	89.99