ticker,ticker_mep,emisor,vencimiento,clase
GYC3O,,360 Energy Solar S.A.,08/03/2032,Clase III (3)
GYC4O,GYC4D,360 Energy Solar S.A.,30/10/2027,Clase IV (4)
GYC5O,GYC5D,360 Energy Solar S.A.,05/09/2027,Clase V (5)
AERBO,AERBD,Aeropuertos Argentina 2000,15/12/2026,Clase XI (11)
ARC1O,ARC1D,Aeropuertos Argentina 2000,01/08/2031,Clase I Serie 2021 (1)
LMS6O,LMS6D,Aluar Aluminio Argentino S.A.,27/04/2028,Serie VI (6)
LMS7O,LMS7D,Aluar Aluminio Argentino S.A.,12/10/2028,Serie VII (7)
LMS8O,LMS8D,Aluar Aluminio Argentino S.A.,21/03/2027,Serie VIII (8)
RC1CO,RC1CD,Arcor S.A.I.C.,31/07/2033,Serie I (1)
RC2CO,RC2CD,Arcor S.A.I.C.,06/10/2026,Clase II (2)
RCCRO,RCCRD,Arcor S.A.I.C.,09/05/2027,Clase XXVI (26)
BF39O,BF39D,Banco BBVA Argentina S.A.,05/12/2026,Clase XXXIX (39)
BF40O,BF40D,Banco BBVA Argentina S.A.,27/08/2027,Clase XL (40)
BF44O,BF44D,Banco BBVA Argentina S.A.,08/05/2028,Clase XLIV (44)
AFCIO,AFCID,Banco Comafi S.A.,07/11/2026,Clase XVII (17)
BVCPO,BVCPD,BST (Banco de Servicios y Transacciones),21/10/2026,Clase XXIV (24)
VBC1O,VBC1D,Banco de Valores S.A.,11/03/2027,Serie I (1)
BYCHO,BYCHD,Banco Galicia,10/10/2028,Clase XVI (16)
HBCDO,HBCDD,Banco Hipotecario S.A.,20/11/2026,Clase XII (12)
BACHO,BACHD,Banco Macro S.A.,28/01/2031,Clase H
BGC4O,BGC4D,Banco Patagonia S.A.,13/11/2026,Clase IV (4)
BPCTO,BPCTD,Banco Supervielle S.A.,26/08/2027,Clase T
BPCUO,BPCUD,Banco Supervielle S.A.,04/12/2026,Clase U
ZZC1O,ZZC1D,Camuzzi Gas Pampeana S.A.,21/02/2027,Clase I (1)
CAC4O,CAC4D,Capex S.A.,27/02/2027,Clase IV (4)
CAC5O,CAC5D,Capex S.A.,25/08/2028,Clase V (5)
CAC7O,,Capex S.A.,07/09/2027,Clase VII (7)
CACAO,CACAD,Capex S.A.,05/07/2027,Clase X (10)
CACBO,CACBD,Capex S.A.,17/06/2028,Clase XI (11)
CACDO,CACDD,Capex S.A.,04/06/2029,Clase XII (12)
NPCCO,NPCCD,Central Puerto S.A.,25/08/2029,Clase C
NPCDO,NPCDD,Central Puerto S.A.,30/04/2030,Clase D
CICAO,CICAD,CNH Industrial Capital Arg. S.A.,03/06/2028,Clase X (10)
CICBO,CICBD,CNH Industrial Capital Arg. S.A.,09/02/2029,Clase XI (11)
CP38O,CP38D,Compania General de Combustibles S.A.,28/11/2030,Clase XXXVIII (38)
CP39O,CP39D,Compania General de Combustibles S.A.,29/03/2027,Clase XXXIX (39)
CP40O,CP40D,Compania General de Combustibles S.A.,09/03/2028,Clase XL (40)
EMC1O,EMC1D,Compania Mega S.A.,04/07/2027,Clase I (1)
CS47O,CS47D,Cresud S.A.,15/11/2028,Clase XLVII (47)
CS48O,CS48D,Cresud S.A.,11/07/2028,Clase XLVIII (48)
CS49O,CS49D,Cresud S.A.,02/09/2027,Clase XLIX (49)
CS51O,CS51D,Cresud S.A.,20/01/2027,Clase LI (51)
CS52O,CS52D,Cresud S.A.,30/04/2028,Clase LII (52)
CS53O,CS53D,Cresud S.A.,30/04/2030,Clase LIII (53)
CWC6O,CWC6D,Crown Point Energia S.A.,30/10/2027,Clase VI (6)
EAC4O,EAC4D,MSU Energy / Green Energy,16/06/2036,Clase IV (4)
DNC7O,DNC7D,Edenor S.A.,24/10/2030,Clase VII (7 / Senior Notes 2030)
DNC3O,DNC3D,Edenor S.A.,22/11/2026,Clase III (3)
DNC5O,DNC5D,Edenor S.A.,05/08/2028,Clase V (5)
OZC3O,OZC3D,Edemsa,29/11/2027,Clase III (3)
DEC2O,DEC2D,Edesa S.A.,24/02/2027,Clase II (2)
OZC8O,OZC8D,Edemsa,11/06/2033,Clase VIII (8)
DNCBO,DNCBD,Edenor S.A.,03/07/2029,Clase XI (11)
FO4AO,FO4AD,Futuros y Opciones.com S.A.,20/07/2028,Serie IV Clase A
GN38O,GN38D,Genneia S.A.,10/02/2033,Clase XXXVIII (38)
GN39O,GN39D,Genneia S.A.,14/07/2028,Clase XXXIX (39)
GN43O,GN43D,Genneia S.A.,08/03/2027,Clase XLIII (43)
GN47O,GN47D,Genneia S.A.,17/10/2028,Clase XLVII (47)
GN48O,GN48D,Genneia S.A.,05/03/2028,Clase XLVIII (48)
STCFO,STCFD,Grupo ST S.A.,18/02/2027,Clase XIV (14)
HVS1O,HVS1D,Havanna S.A.,08/07/2028,Serie I (1)
JNC5O,JNC5D,Inversora Juramento S.A.,09/10/2026,Clase V (5)
JNC6O,JNC6D,Inversora Juramento S.A.,03/10/2027,Clase VI (6)
IRCFO,IRCFD,IRSA,22/06/2028,Clase XIV (14)
IRCPO,IRCPD,IRSA,31/03/2035,Clase XXIV (24)
IRCJO,IRCJD,IRSA,28/02/2027,Clase XVIII (18)
IRCNO,IRCND,IRSA,23/10/2027,Clase XXII (22)
IRCOO,IRCOD,IRSA,23/10/2029,Clase XXIII (23)
HJCIO,HJCID,John Deere Credit,27/05/2027,Clase XVII (17)
HJCJO,HJCJD,John Deere Credit,25/07/2027,Clase XVIII (18)
HJCKO,HJCKD,John Deere Credit,16/01/2029,Clase XIX (19)
LR7BO,LR7BD,Laboratorios Richmond S.A.C.I.F.,10/12/2026,Serie VII Clase B
LDCGO,LDCGD,Ledesma S.A.,04/10/2027,Clase XV (15)
LOC5O,LOC5D,Loma Negra C.I.A.S.A.,24/07/2027,Clase V (5)
LOC6O,LOC6D,Loma Negra C.I.A.S.A.,23/01/2029,Clase VI (6)
LUC5O,LUC5D,Luz de Tres Picos S.A.,26/02/2029,Clase V (5)
MTCGO,MTCGD,Mastellone Hermanos S.A.,30/06/2026,Clase G (Senior Notes 2026)
MIC4O,MIC4D,Mirgor S.A.,29/07/2027,Clase IV (4)
MIC6O,MIC6D,Mirgor S.A.,28/05/2028,Clase VI (6)
RUCDO,RUCDD,MSU Energy S.A.,05/12/2030,Senior Secured Notes 2030 (Clase D)
RUCEO,RUCED,MSU Energy S.A.,30/10/2027,Clase XIII (13)
EAC3O,EAC3D,MSU Green Energy S.A.,20/12/2028,Clase III (3)
MSSFO,MSSFD,MSU S.A.,23/07/2027,Serie XIV (14)
MSSGO,MSSGD,MSU S.A.,16/04/2029,Serie XV (15)
MTC2O,MTC2D,Mastellone Hermanos S.A.,22/06/2028,Clase II (2)
XMC1O,XMC1D,Minera Exar S.A.,11/11/2027,Clase I (1)
OT41O,OT41D,Otamerica / Oiltanking Ebytem,17/01/2028,Serie IV Clase 1
OT42O,OT42D,Otamerica / Oiltanking Ebytem,17/01/2030,Serie IV Clase 2
OTS2O,OTS2D,Otamerica / Oiltanking Ebytem,24/04/2027,Serie II (2)
OTS3O,OTS3D,Otamerica / Oiltanking Ebytem,01/11/2028,Serie III (3)
OTS5O,OTS5D,Otamerica / Oiltanking Ebytem,23/10/2026,Serie V (5)
OLC2O,OLC2D,Oleoductos del Valle S.A. (Oldelval),09/06/2028,Clase II (2)
OLC3O,,Oleoductos del Valle S.A. (Oldelval),10/07/2027,Clase III (3)
OLC5O,OLC5D,Oleoductos del Valle S.A. (Oldelval),12/06/2028,Clase V (5)
OLC6O,OLC6D,Oleoductos del Valle S.A. (Oldelval),05/12/2029,Clase VI (6)
OLC7O,OLC7D,Oleoductos del Valle S.A. (Oldelval),23/02/2030,Clase VII (7)
MGCEO,MGCED,Pampa Energia S.A.,19/12/2027,Clase XIII (13)
MGCMO,MGCMD,Pampa Energia S.A.,10/09/2031,Clase XXI (21 / Senior Notes 2031)
MGCNO,MGCND,Pampa Energia S.A.,04/10/2028,Clase XXII (22)
MGCOO,MGCOD,Pampa Energia S.A.,16/12/2034,Clase XXIII (23 / Senior Notes 2034)
MGCQO,MGCQD,Pampa Energia S.A.,06/08/2028,Clase XXV (25)
MGCTO,MGCTD,Pampa Energia S.A.,01/04/2029,Clase XXVII (27)
PN38O,PN38D,Pan American Energy,11/08/2027,Clase XXXVIII (38)
PNDCO,PNDCD,Pan American Energy,30/04/2027,Clase XII (12 / Senior Notes 2027)
PNXCO,PNXCD,Pan American Energy,30/04/2032,Clase XXXI (31 / Senior Notes 2032)
PN34O,PN34D,Pan American Energy,27/09/2027,Clase XXXIV (34)
PN35O,PN35D,Pan American Energy,27/09/2029,Clase XXXV (35)
PN36O,PN36D,Pan American Energy,13/11/2031,Clase XXXVI (36)
PN37O,PN37D,Pan American Energy,13/11/2028,Clase XXXVII (37)
PN40O,PN40D,Pan American Energy,11/10/2026,Clase XL (40)
PN41O,PN41D,Pan American Energy,27/08/2029,Clase XLI (41)
PN42O,PN42D,Pan American Energy,17/04/2027,Clase XLII (42)
PNICO,PNICD,Pan American Energy,07/02/2032,Clase XVII (17)
PNRCO,PNRCD,Pan American Energy,07/08/2028,Clase XXVI (26)
PNZCO,PNZCD,Pan American Energy,04/07/2027,Clase XXXIII (33)
PQCOO,PQCOD,Petroquimica Comodoro Rivadavia S.A.,22/09/2027,Clase O
PQCQO,PQCQD,Petroquimica Comodoro Rivadavia S.A.,16/07/2027,Clase Q
PQCRO,PQCRD,Petroquimica Comodoro Rivadavia S.A.,22/10/2028,Clase R
PQCSO,PQCSD,Petroquimica Comodoro Rivadavia S.A.,17/02/2031,Clase S
PQCTO,PQCTD,Petroquimica Comodoro Rivadavia S.A.,21/07/2028,Clase T
PFC2O,PFC2D,Profertil S.A.,14/07/2027,Clase II (2)
MCC1O,MCC1D,Pecom Servicios de Energia S.A.U.,10/03/2029,Clase I (1)
MCC2O,MCC2D,Pecom Servicios de Energia S.A.U.,02/06/2027,Clase II (2)
MCC3O,MCC3D,Pecom Servicios de Energia S.A.U.,11/05/2030,Clase III (3)
PUC2O,PUC2D,Petroleos Sudamericanos S.A.,28/08/2027,Clase II (2)
PZCGO,PZCGD,Plaza Logistica S.R.L.,04/06/2028,Clase XV (15)
ZPC2O,ZPC2D,Plaza Logistica S.R.L.,02/06/2027,Clase II (2)
PLC2O,PLC2D,Pluspetrol S.A.,27/01/2030,Clase II (2)
PLC4O,PLC4D,Pluspetrol S.A.,30/05/2032,Clase IV (4 / Senior Notes 2032)
RAC8O,RAC8D,Raghsa S.A.,04/08/2036,Clase VIII (8)
RAC5O,RAC5D,Raghsa S.A.,24/04/2030,Clase V (5 / Senior Notes 2030)
RAC7O,RAC7D,Raghsa S.A.,11/12/2032,Clase VII (7)
VES2L,VE2LD,Ricardo Venturino S.A.,28/10/2028,Serie II (2)
RZABO,RZABD,Rizobacter Argentina S.A.,28/11/2027,Serie IX Clase A
SNSDO,SNSDD,S.A. San Miguel,06/02/2027,Serie XII (12)
SIC2O,SIC2D,Sidersa S.A.,19/06/2029,Clase II (2)
SBC1O,SBC1D,Scania Credit Argentina S.A.U.,05/09/2027,Clase I (1)
T641O,T641D,Tarjeta Naranja S.A.U.,30/04/2027,Clase LXIV Serie 1 (64)
TTC8O,TTC8D,Tecpetrol S.A.,24/10/2027,Clase VIII (8)
TTC9O,TTC9D,Tecpetrol S.A.,24/10/2029,Clase IX (9)
TTCAO,TTCAD,Tecpetrol S.A.,22/01/2033,Clase X (10 / Senior Notes 2033)
TTCBO,TTCBD,Tecpetrol S.A.,16/10/2027,Clase XI (11)
TTCEO,TTCED,Tecpetrol S.A.,21/05/2029,Clase XIII (13)
TLCDO,TLCDD,Telecom Argentina S.A.,09/03/2027,Clase XII (12)
TLCFO,TLCFD,Telecom Argentina S.A.,10/02/2028,Clase XIV (14)
TLCKO,,Telecom Argentina S.A.,17/11/2026,Clase XIX (19)
TLCMO,TLCMD,Telecom Argentina S.A.,18/07/2031,Clase XXI (21 / Senior Notes 2031)
TLCOO,TLCOD,Telecom Argentina S.A.,28/11/2028,Clase XXIII (23)
TLCQO,TLCQD,Telecom Argentina S.A.,02/07/2027,Clase XXV (25)
TLCUO,TLCUD,Telecom Argentina S.A.,05/03/2029,Clase XXVIII (28)
TLCWO,TLCWD,Telecom Argentina S.A.,29/05/2030,Clase XXX (30)
TSC3O,TSC3D,Transportadora de Gas del Sur (TGS),24/07/2031,Clase III (3 / Senior Notes 2031)
VSCTO,VSCTD,Vista Energy,10/12/2035,Clase XXVII (27)
VSCIO,VSCID,Vista Energy Argentina S.A.U.,06/12/2026,Clase XVII (17)
VSCJO,VSCJD,Vista Energy Argentina S.A.U.,03/03/2027,Clase XVIII (18)
VSCKO,VSCKD,Vista Energy Argentina S.A.U.,03/03/2028,Clase XIX (19)
VSCMO,,Vista Energy Argentina S.A.U.,11/08/2028,Clase XXI (21)
VSCPO,VSCPD,Vista Energy Argentina S.A.U.,03/05/2029,Clase XXIV (24)
VSCQO,VSCQD,Vista Energy Argentina S.A.U.,08/07/2028,Clase XXV (25)
VSCRO,VSCRD,Vista Energy Argentina S.A.U.,10/10/2031,Clase XXVI (26)
VSCUO,VSCUD,Vista Energy Argentina S.A.U.,07/03/2030,Clase XXVIII (28)
YFCIO,YFCID,YPF Energia Electrica S.A.,13/06/2027,Clase XVII (17)
YFCJO,YFCJD,YPF Energia Electrica S.A.,16/10/2032,Senior Notes 2032 (Clase XIX / 19)
YFCLO,YFCLD,YPF Energia Electrica S.A.,22/11/2028,Clase XX (20)
YFCMO,YFCMD,YPF Energia Electrica S.A.,20/05/2027,Clase XXI (21)
YFCNO,YFCND,YPF Energia Electrica S.A.,03/10/2026,Clase XXII (22)
YCAMO,YCAMD,YPF S.A.,21/07/2027,"Clase LIII (53 / Reg S 6,95% 2027)"
YMCPO,,YPF S.A.,25/04/2027,Clase XXIV (24)
YMCRO,YMCRD,YPF S.A.,12/09/2028,Clase XXVI (26)
